60,137,171,82,204,148,153,212,248,201,209,134,112,135,79,78,69,47,48,103,71,91,80,151,109,120,118,325,298,394,416,488,545,468,573,514,797,767,782,669,859,975,1052,952,835,898,884,773,718,567,405,420,404,370,337,381,368,445,405,228,281,375,592,504,451,497,660,566,510,361,393,366,388,307,284,113,79,54,97,48,54,53,95,119,205,154,204,265,297,290,299,358,279,288,216,190,113,122,88,150,286,357,428,457,441,372,382,367,208,327,248,303,194,172,115,112,128,169,81,69,36,66,105,54,48,111,163,63,117,100,112,117,134,152,99,92,102,122,82,112,121,83,78,44,63,53,68,108,87,105,82,47,36,56,88,40,49,88,88,139,130,124,151,160,180,174,113,83,72,96,89,83
55,132,100,87,169,48,75,56,58,57,115,54,69,71,63,61,58,61,82,56,74,55,89,81,44,74,63,79,88,76,50,58,70,69,72,113,110,129,108,126,80,98,89,77,148,144,98,141,116,195,321,309,323,425,446,468,426,513,656,491,595,551,708,771,808,677,928,802,608,619,602,644,632,562,507,511,501,473,397,393,543,713,537,542,664,727,890,717,577,417,331,217,209,134,63,66,45,72,55,79,49,67,50,77,38,36,74,43,54,49,48,49,186,324,356,356,381,283,396,416,413,341,338,298,274,219,122,95,149,86,53,108,66,54,62,81,90,81,69,111,40,79,36,68,66,104,75,159,97,54,57,91,52,78,92,70,65,122,64,132,83,99,68,83,79,108,51,98,106,87,61,90
72,86,99,97,81,70,59,87,69,102,97,97,79,82,89,84,98,105,109,108,103,55,88,39,81,91,62,45,49,42,91,66,47,82,75,107,65,103,63,48,51,89,107,69,85,98,103,94,205,244,244,317,282,329,513,539,491,612,377,587,532,656,730,679,776,751,663,567,538,480,429,357,366,362,343,254,494,590,428,496,597,599,562,446,429,407,259,244,181,135,140,131,131,72,105,121,86,97,82,66,80,108,96,90,133,325,393,384,390,423,266,305,299,292,256,194,174,186,85,104,88,110,121,106,79,145,105,109,66,64,110,72,55,67,67,72,88,81,98,66,75,75,91,41,89,62,43,73,68,68,113,52,54,84,53,74,124,92,100,115,89,90,49,47,73,68,60,58,32,132,84,121
63,83,58,92,73,79,86,117,88,86,114,91,64,95,78,98,94,107,99,143,183,163,151,154,107,131,82,150,141,136,103,79,127,136,114,128,213,275,332,366,490,486,560,523,468,622,522,624,461,703,582,605,625,559,517,492,526,498,455,421,447,328,316,439,348,388,392,423,450,537,514,598,507,398,493,493,492,232,165,222,120,125,70,95,67,89,133,205,137,128,95,110,65,57,45,128,85,232,274,385,402,331,259,303,371,288,316,266,283,231,272,164,136,161,94,107,143,100,119,82,75,106,68,121,78,73,137,88,131,114,60,60,93,55,45,57,76,105,72,52,55,140,66,69,59,112,69,82,67,113,83,87,74,74,132,99,75,65,46,120,69,97,67,77,111,133,53,53,66,56,81,45
111,101,110,82,120,54,56,65,99,86,91,62,61,73,70,76,42,64,73,82,121,85,62,45,56,50,30,59,54,34,61,47,47,100,30,37,72,71,68,60,72,40,74,64,69,64,59,54,46,54,59,45,130,110,121,125,272,329,327,461,450,334,321,390,457,404,628,546,573,679,591,565,478,428,378,357,317,297,242,320,237,362,235,341,276,321,341,414,440,481,484,412,398,404,327,178,227,160,84,77,55,114,53,56,59,95,75,123,98,129,52,78,54,59,76,101,145,383,389,424,347,336,464,463,386,259,272,347,266,228,204,159,189,161,173,101,30,59,76,122,135,110,90,100,46,98,141,69,141,57,80,90,49,63,81,101,66,124,94,131,127,130,151,95,121,106,90,90,41,93,86,95
127,105,78,75,118,116,84,96,126,120,98,74,153,90,84,83,72,67,62,66,71,82,56,104,59,76,86,44,104,48,60,67,81,104,123,70,57,68,68,51,56,87,93,104,36,51,70,87,113,238,430,419,467,488,559,477,463,614,668,480,543,485,640,694,727,624,569,541,568,544,525,459,456,428,448,404,456,429,417,640,684,565,380,615,548,385,420,220,240,248,241,194,262,139,257,205,180,182,161,255,165,202,218,217,210,148,200,174,371,245,532,456,397,414,297,345,306,249,244,185,228,206,96,132,109,88,119,67,90,86,50,59,47,68,46,48,51,79,56,69,103,55,96,82,47,115,65,80,55,76,67,77,49,61,71,98,58,56,71,74,67,67,76,60,90,71,53,60,75,40,70,83
80,119,53,70,54,62,97,58,73,85,76,89,84,146,115,124,73,91,84,105,78,88,94,103,121,85,94,88,51,82,92,50,76,92,77,84,69,71,95,82,69,57,89,105,195,222,252,319,378,544,547,399,547,587,686,682,620,518,710,682,647,635,736,644,627,485,450,452,381,252,345,321,366,278,443,516,428,493,581,651,587,337,398,346,269,223,97,84,125,57,97,81,111,56,70,68,57,41,33,69,95,81,41,158,360,395,384,267,387,305,294,314,230,285,276,211,181,169,151,107,145,107,124,87,105,92,85,90,92,87,96,69,106,100,109,93,59,122,57,84,94,80,100,66,101,107,122,97,97,105,74,70,97,99,103,74,91,63,104,60,77,76,51,61,103,92,33,52,81,35,32,100
80,97,124,165,92,131,131,151,135,92,75,100,81,45,143,39,61,71,49,64,68,69,58,74,75,74,81,88,85,48,100,68,59,103,93,67,75,69,50,62,71,76,64,56,88,72,92,123,154,110,97,79,137,355,412,365,448,451,396,486,542,589,790,397,575,474,613,639,753,661,694,629,440,592,499,413,401,349,326,286,355,375,382,446,448,475,522,560,701,681,606,446,589,485,221,253,352,258,188,209,282,250,276,266,260,194,182,169,247,313,139,189,234,196,212,318,345,430,418,423,400,325,294,245,312,244,221,209,192,197,153,120,149,177,99,151,194,177,155,128,104,128,141,102,152,155,192,117,111,139,103,92,117,138,135,144,168,127,114,147,98,139,136,209,193,157,134,84,103,133,133,116
63,44,129,68,69,43,58,63,68,40,55,63,50,78,70,129,57,32,58,58,137,113,194,183,216,138,136,177,181,189,133,128,145,54,54,99,148,300,339,374,408,546,525,472,539,569,557,688,576,655,555,631,640,628,646,489,461,450,375,430,436,428,409,450,450,437,400,495,516,649,650,574,392,515,604,449,456,232,165,227,208,117,76,149,168,116,178,139,195,149,115,157,125,146,83,139,89,115,254,421,465,357,428,384,299,328,296,242,215,233,239,191,96,124,75,187,115,183,124,122,133,195,115,137,186,159,161,176,194,153,200,266,124,107,115,84,86,78,103,105,95,90,87,126,82,59,69,42,41,44,51,97,50,63,40,63,75,72,105,140,102,106,90,103,95,56,52,126,68,69,109,77
118,81,129,61,106,111,83,113,73,48,48,69,55,77,71,83,73,54,63,40,84,97,123,135,109,100,69,120,136,81,139,94,144,91,68,143,186,194,386,477,592,547,591,446,492,572,533,549,455,500,591,537,559,468,580,475,462,450,471,419,505,442,384,498,297,496,438,351,512,623,584,527,482,641,544,556,354,223,227,302,283,269,153,104,134,180,142,70,164,164,86,133,149,63,200,107,63,147,365,323,343,256,363,299,413,320,233,210,293,221,151,196,87,109,132,177,129,132,228,159,158,110,181,186,118,120,101,81,77,93,90,31,42,76,44,94,108,80,78,88,136,138,162,155,156,163,128,132,122,115,77,85,111,108,88,64,85,72,63,152,85,115,129,121,108,78,117,121,163,195,205,82
49,84,124,60,87,52,69,73,81,98,147,103,128,109,142,98,117,98,101,139,58,89,108,81,66,96,65,65,78,94,85,52,62,77,83,64,59,59,105,77,76,80,76,100,48,48,355,270,261,309,334,316,393,484,473,581,551,673,681,696,683,623,704,739,604,686,610,581,554,531,414,372,371,402,322,464,432,556,677,525,403,470,469,316,165,204,171,110,90,110,49,108,69,110,66,81,100,43,119,84,97,74,98,181,346,465,341,271,310,304,283,195,212,179,238,192,191,216,296,170,162,203,126,155,171,144,165,190,156,121,147,92,129,161,121,143,154,151,144,121,124,68,101,128,107,117,101,141,114,101,140,119,82,85,125,118,128,118,85,144,154,78,107,159,102,118,144,120,176,156,171,128
100,81,132,120,242,178,175,213,153,188,167,208,151,143,87,124,79,188,106,129,121,127,135,109,146,206,180,184,146,141,96,65,89,63,68,41,68,65,111,111,106,88,343,523,653,597,642,642,550,810,712,782,587,652,549,690,896,810,803,727,612,661,583,493,326,450,300,312,375,363,537,534,474,692,695,619,538,578,488,307,199,133,192,144,101,98,96,76,129,135,66,118,122,112,127,132,122,109,128,295,384,328,301,390,491,354,314,323,256,218,136,165,114,165,119,119,71,68,55,78,73,85,59,100,63,86,95,83,67,66,107,133,85,73,139,120,116,88,72,58,66,68,93,83,107,80,70,88,110,85,89,93,86,64,87,83,107,120,114,57,63,96,121,102,88,68,82,81,31,138,68,75
138,130,70,154,77,60,126,99,76,54,78,59,58,99,70,51,71,128,67,118,64,106,84,74,73,63,66,75,73,118,64,95,62,34,101,43,74,118,82,64,101,44,66,60,71,67,81,68,42,114,109,102,151,98,149,161,170,214,95,92,157,159,181,372,348,406,519,424,653,621,695,508,616,557,625,817,703,823,843,750,729,919,789,568,559,496,439,434,374,342,450,481,618,562,651,760,769,537,503,370,318,259,207,123,187,191,121,97,69,91,199,158,103,92,143,127,123,127,198,313,416,374,381,293,294,405,308,272,342,355,317,233,222,170,119,97,61,84,116,83,106,83,30,56,43,46,107,78,93,102,100,119,91,120,121,185,170,119,99,110,152,174,214,121,137,157,78,127,111,81,119,82
79,109,93,107,109,151,182,177,161,225,230,244,237,247,264,254,287,222,239,182,200,153,119,193,160,175,205,200,155,128,199,156,91,133,166,172,193,170,134,149,158,145,151,120,101,133,109,99,86,74,52,77,87,100,172,54,71,49,51,71,60,82,95,119,78,92,66,114,119,126,307,337,462,616,469,466,445,574,430,597,577,612,642,675,707,719,691,822,867,748,598,464,417,395,341,338,395,329,320,479,508,559,433,356,433,317,166,152,141,43,126,73,78,138,100,93,49,71,75,96,93,71,94,74,92,275,343,318,449,355,278,263,334,252,245,112,180,139,78,93,61,54,104,69,98,68,96,85,63,76,85,95,68,94,133,110,80,86,83,101,40,49,99,76,126,91,72,81,85,52,64,58
57,146,96,97,139,95,92,126,53,76,52,84,126,67,83,98,81,102,123,95,69,71,78,121,157,164,126,91,99,92,72,62,88,95,102,149,142,196,191,288,382,422,566,538,523,599,547,485,501,496,614,548,646,622,761,620,701,606,473,396,330,305,364,414,401,401,443,434,559,613,473,452,458,478,397,655,370,200,92,102,56,85,55,66,48,35,53,45,67,46,69,93,62,45,86,161,210,457,415,402,398,266,292,281,247,221,155,188,131,64,117,53,110,103,107,109,61,83,26,45,68,71,111,93,108,82,100,90,64,74,88,80,109,106,96,90,65,68,79,100,84,82,99,136,140,114,90,107,120,131,112,139,147,112,97,89,62,76,114,106,130,76,81,109,109,131,151,149,159,101,114,72
62,73,57,61,47,44,71,93,65,47,48,51,64,62,50,61,85,103,105,112,93,106,82,127,157,108,107,90,84,82,67,55,96,81,51,91,122,93,64,56,69,84,117,81,123,66,82,85,52,60,66,76,85,211,258,277,332,542,514,584,495,722,684,708,591,673,690,812,722,721,721,806,762,690,752,567,531,423,451,393,373,331,394,437,390,439,507,708,671,822,598,533,687,613,494,594,230,224,179,75,138,92,72,76,60,77,80,98,78,82,64,54,94,86,136,102,207,325,527,378,408,434,342,291,324,201,186,140,105,83,99,95,82,106,91,65,59,90,105,115,106,118,146,177,215,191,104,120,145,101,157,149,140,174,146,168,180,138,157,120,154,182,136,194,126,122,109,91,108,79,164,146
