215,89,106,120,96,135,163,76,128,111,179,97,115,102,94,97,85,119,140,101,101,56,72,73,79,81,121,157,67,140,111,107,113,142,160,120,109,114,109,127,131,124,115,95,170,181,309,252,291,232,311,225,148,357,417,291,331,552,529,495,677,853,707,787,563,789,647,894,951,650,777,686,361,328,258,146,212,183,171,143,112,166,178,414,500,586,613,677,620,604,631,589,537,606,398,307,217,267,151,103,127,169,162,170,124,111,177,131,204,229,377,453,322,507,487,408,375,345,437,313,404,248,432,185,212,117,158,75,112,120,132,95,106,185,173,220,73,143,104,142,97,138,140,147,138,131,108,139,118,121,149,224,121,126,103,101,97,104,78,103,100,126,217,198,225,171,97,248,87,151,108,164
70,77,69,89,67,85,62,38,81,65,63,79,123,106,53,75,89,88,114,102,64,116,124,97,96,94,131,162,115,77,63,134,121,70,65,115,272,154,108,158,113,102,128,111,179,194,197,219,190,177,197,181,210,295,262,343,532,521,482,635,667,629,557,561,673,648,560,458,472,619,490,341,273,312,282,270,162,228,150,84,167,295,505,523,531,270,605,549,574,595,421,312,122,154,168,197,190,163,96,83,135,111,108,119,135,101,105,117,375,405,338,367,470,407,361,300,251,235,233,216,274,93,191,195,132,179,124,112,189,197,123,77,108,130,70,125,143,142,73,93,84,178,101,153,244,238,247,299,313,381,353,340,364,387,369,295,260,246,176,123,143,140,94,137,141,116,145,128,100,116,159,138
114,78,82,103,97,227,188,124,168,166,199,86,164,82,162,108,117,193,234,205,274,85,80,243,238,294,197,55,215,208,183,195,140,205,239,340,120,283,169,211,353,272,159,304,334,424,437,560,610,847,762,681,594,545,576,543,567,607,499,316,286,294,211,266,262,257,280,163,309,432,672,601,521,593,776,779,761,699,433,370,203,178,83,91,139,144,101,83,105,69,147,71,75,72,172,113,52,213,388,418,487,391,387,447,458,392,404,347,389,326,224,185,235,182,230,244,137,141,185,139,143,154,243,212,221,195,251,233,96,146,140,116,119,122,176,109,98,150,156,131,185,199,182,195,207,177,101,105,138,133,119,120,221,149,130,90,173,128,114,106,171,151,143,137,155,193,203,253,216,175,189,179
116,115,103,67,112,102,120,100,96,89,110,318,339,291,603,414,466,403,341,283,415,303,326,154,316,132,126,247,442,181,310,369,429,506,417,250,518,427,321,493,390,389,301,606,327,322,189,282,304,458,128,256,156,166,267,270,196,225,196,473,159,298,212,233,190,344,201,372,536,558,416,608,601,536,513,574,526,425,365,246,325,361,309,236,178,109,191,106,163,282,525,415,450,500,590,662,279,308,424,135,195,192,105,115,145,96,108,126,98,103,90,96,110,169,160,130,322,296,362,351,418,439,260,502,408,321,226,279,360,108,200,214,202,141,178,120,113,135,122,143,244,90,96,104,86,104,67,160,59,152,155,105,102,61,170,155,46,64,62,54,214,81,101,105,102,60,140,105,162,204,123,82
146,173,159,84,96,93,134,121,146,156,230,125,136,178,117,156,83,73,109,100,129,135,110,115,194,251,241,136,113,104,137,90,114,91,139,150,116,124,256,229,155,162,170,239,235,211,233,296,297,441,449,558,501,576,598,632,480,639,558,482,527,520,333,353,369,333,250,180,162,218,218,162,192,317,461,512,504,592,532,577,444,371,374,297,211,141,177,132,178,111,90,102,97,132,94,250,121,144,173,147,227,310,411,271,331,328,311,311,251,333,325,214,247,157,209,152,171,132,127,172,75,124,136,171,151,90,92,157,153,122,98,157,80,108,162,148,184,125,172,202,123,207,254,169,121,214,216,102,128,119,169,114,108,86,91,224,225,183,140,98,131,182,103,112,186,137,122,139,121,145,121,108
106,138,158,85,132,146,144,111,75,60,161,219,233,276,348,314,237,169,267,199,274,225,199,219,202,182,185,151,159,174,110,81,106,166,134,174,209,148,172,145,105,153,233,179,257,284,428,239,347,467,362,447,295,373,339,429,465,708,358,537,481,561,416,818,628,676,700,611,489,367,399,248,187,308,174,192,267,246,227,285,473,425,555,481,644,706,520,772,500,500,122,336,139,319,182,159,117,241,184,151,138,193,267,405,235,203,280,408,362,390,327,266,393,278,455,395,261,323,259,182,273,219,80,153,204,168,142,123,189,217,247,180,199,98,184,173,270,136,169,198,184,96,168,111,150,158,216,174,269,136,140,206,194,209,215,221,168,106,165,195,117,145,199,176,137,182,188,221,120,261,175,128
124,156,117,101,90,73,113,93,72,85,85,74,65,112,113,83,125,90,120,80,114,101,113,85,80,56,142,177,97,171,122,139,110,149,111,138,174,101,191,186,163,154,178,125,117,184,147,144,69,95,198,203,275,297,324,293,293,369,344,260,372,515,393,523,361,525,665,611,561,634,595,505,363,327,282,269,256,324,252,174,245,155,139,140,285,422,437,587,613,726,358,386,300,295,204,292,312,127,114,100,99,136,125,174,129,152,151,152,152,119,287,319,262,302,368,298,274,309,178,298,238,199,226,214,202,157,146,133,137,92,117,98,91,121,172,80,92,115,152,80,61,65,47,91,92,70,98,79,71,104,82,90,91,128,109,93,93,104,158,124,153,114,123,168,132,142,175,175,219,163,159,221
81,75,74,96,65,131,185,92,125,134,148,85,183,125,127,179,126,144,142,91,176,165,167,158,179,147,152,126,124,161,64,68,80,93,104,65,127,141,157,119,93,124,200,131,128,106,109,127,88,105,110,176,267,272,294,295,286,363,445,546,549,608,607,592,738,499,754,590,792,624,618,476,522,226,276,294,253,148,263,183,212,222,505,543,473,584,538,347,398,281,255,329,206,185,108,147,125,142,116,165,178,103,159,117,128,163,257,251,288,319,275,294,269,331,352,297,333,227,226,169,192,169,142,46,148,96,122,39,96,64,62,97,137,132,82,83,76,115,113,107,154,113,106,83,137,102,144,109,179,148,99,130,112,134,158,119,109,128,46,66,82,88,81,147,81,42,123,107,193,129,127,109
524,536,490,515,503,446,442,434,453,435,443,431,309,154,167,153,180,155,213,222,167,185,194,182,118,165,228,124,101,141,177,162,93,130,153,135,149,175,193,139,100,178,110,136,189,119,153,101,112,133,167,116,139,157,172,185,192,319,271,322,304,405,361,427,453,477,430,352,287,460,519,592,571,477,542,704,499,743,667,587,763,671,570,458,497,477,547,366,296,278,423,386,500,779,622,452,504,709,684,531,412,375,276,233,179,196,147,162,209,178,116,154,207,210,189,180,292,380,432,485,485,446,515,414,456,379,305,306,321,145,323,281,142,88,155,148,139,177,131,171,153,275,272,227,142,133,103,112,113,119,93,81,118,200,129,136,102,149,206,302,373,371,391,344,210,289,326,221,262,297,248,196
283,233,231,198,269,300,203,218,242,249,301,380,253,295,332,231,217,332,272,189,127,189,142,288,161,152,219,153,232,190,141,109,90,105,185,151,104,93,140,91,90,166,155,130,126,174,245,210,183,256,139,406,224,231,217,245,237,272,313,330,219,380,385,548,496,610,721,667,722,787,782,841,891,722,701,582,375,246,226,216,196,207,224,132,129,100,187,387,461,595,593,657,706,592,493,366,291,236,212,173,142,129,114,106,72,130,160,229,153,114,269,304,407,362,354,384,322,367,344,249,248,258,211,219,175,116,213,95,139,88,94,120,94,81,91,85,105,94,94,102,146,140,193,149,260,221,188,150,116,185,177,150,187,222,256,262,247,257,246,265,228,189,207,180,181,161,161,146,123,142,194,163
260,273,215,147,175,157,259,265,247,151,215,175,225,210,175,154,92,132,263,187,131,315,249,177,127,195,170,199,233,232,162,161,159,119,140,132,166,144,171,133,231,264,167,269,284,299,211,287,216,183,137,137,139,89,68,207,176,233,212,231,217,357,353,443,336,344,391,317,332,484,605,725,927,858,925,805,908,989,952,747,624,778,897,741,394,333,283,189,284,326,201,252,328,331,299,392,660,568,455,665,863,794,714,472,559,584,282,244,123,134,231,104,164,141,189,188,188,118,197,151,89,214,366,329,437,399,483,449,390,465,328,312,277,307,293,144,168,121,126,154,130,156,156,141,92,115,103,128,109,143,184,198,182,133,130,78,104,100,170,74,121,74,75,92,93,67,159,118,132,118,122,147
189,178,146,195,96,161,178,122,183,163,275,162,183,187,146,162,225,134,213,161,165,238,194,237,128,197,148,157,196,205,185,178,122,212,160,204,158,276,145,169,249,312,188,204,254,268,238,161,180,175,260,234,253,337,197,161,149,199,249,182,154,232,223,307,401,268,257,287,370,408,200,239,255,502,405,511,527,608,573,678,625,706,479,649,809,582,758,711,719,765,246,285,310,228,336,191,170,137,239,319,376,536,613,478,624,546,760,848,666,470,399,292,193,138,82,92,215,153,209,165,246,152,158,225,172,264,334,437,605,471,542,493,604,423,504,349,248,308,288,248,187,264,141,162,144,95,104,121,125,128,84,130,213,157,166,227,181,167,163,150,96,133,72,90,122,114,89,61,99,135,127,160
100,106,111,124,119,107,86,77,147,161,164,86,113,92,98,185,97,89,148,184,144,131,148,126,118,119,118,102,127,109,123,217,200,166,197,204,207,127,168,140,187,156,214,120,160,125,223,120,126,200,229,242,112,116,161,135,162,227,301,264,117,262,217,264,241,169,286,213,262,233,151,302,175,206,205,115,255,349,187,154,293,300,365,515,486,581,738,860,718,637,737,565,692,576,584,290,294,210,222,108,184,101,155,150,170,186,418,612,448,507,616,643,694,598,453,384,142,231,167,116,163,201,223,333,257,238,208,191,169,160,254,260,502,417,407,444,459,473,452,347,362,449,236,214,180,183,129,213,93,192,173,117,100,75,181,156,116,139,106,88,68,102,112,217,136,167,147,148,154,180,164,171
214,180,161,160,153,181,168,158,225,159,166,167,141,158,195,118,65,176,138,164,121,136,147,138,206,131,135,119,163,151,147,197,133,105,172,121,117,235,257,159,172,201,74,144,192,250,124,122,102,120,200,121,145,134,157,146,112,100,110,109,239,176,186,119,160,238,231,224,332,374,222,315,229,404,453,392,555,659,760,786,674,736,679,792,676,749,586,337,348,413,320,329,386,228,120,116,148,328,463,669,377,698,690,596,509,363,367,287,259,161,101,116,171,140,147,113,126,189,186,134,145,190,317,374,506,434,344,363,323,243,341,211,322,258,167,276,187,172,106,106,89,68,112,53,78,90,76,41,77,86,82,179,66,143,74,120,156,73,100,66,67,86,64,103,109,107,67,159,122,141,108,98
247,205,222,263,174,241,209,223,167,206,192,171,160,255,172,232,140,201,289,158,207,297,200,174,131,115,182,189,144,149,171,119,119,239,86,126,140,132,148,83,159,119,93,186,159,118,186,197,193,198,299,208,112,134,297,337,300,237,262,277,320,257,170,180,256,209,182,173,178,172,165,190,180,194,203,180,215,296,234,178,281,299,302,333,371,560,598,639,663,563,744,660,690,711,678,701,621,376,391,310,455,348,358,302,320,286,284,263,532,487,512,603,517,703,619,392,427,271,231,145,202,149,210,131,147,194,297,105,316,197,413,402,289,404,548,508,359,472,529,354,328,339,471,523,231,385,359,285,192,267,120,287,238,210,227,189,97,195,233,209,307,236,129,205,233,210,186,163,157,246,128,94
101,110,98,125,106,124,124,154,115,103,119,149,151,160,188,193,143,142,110,137,141,88,121,144,155,152,179,127,110,112,170,202,215,157,146,166,154,180,166,107,167,139,219,232,188,159,134,194,260,187,257,225,192,297,163,277,206,138,185,190,260,252,260,277,204,339,348,316,540,452,684,834,713,850,905,755,772,898,658,562,660,475,396,289,457,276,249,256,118,154,176,323,419,429,752,505,628,624,576,454,378,419,209,309,305,309,484,403,433,452,372,429,551,316,365,518,713,678,801,857,576,410,365,265,434,349,271,342,504,268,245,292,614,925,686,463,289,273,218,144,155,150,198,149,142,118,90,156,233,196,136,118,102,111,100,115,138,156,159,128,155,91,149,239,365,608,502,414,354,409,461,399
